url,url_hash,source,score,lastmod,changefreq,priority
https://docs.python.org/3/,26d6a069e77bbf769284ff2ecac45b2acbf197db216316362122d85c3599b5e0,sitemap,80,,daily,
https://docs.python.org/3/reference/compound_stmts.html,7efe65c3e6a75cf730bf60a2b87fca8ddfb43f34dcfec1040a485f92d3ff502b,link_depth1,65,,,
https://docs.python.org/3/reference/datamodel.html,ed37170de1e0b523ad487975bbaf9522d431d6f733e4a8ddaa6196eb2e75d40f,link_depth1,65,,,
https://docs.python.org/3/reference/executionmodel.html,f21c223c9cfce90d8b9d3dcb8ed47c77cf1196141d027a7df481a0d36538cc08,link_depth1,65,,,
https://docs.python.org/3/reference/expressions.html,0db244f834ab7fe722efeb32aa0ef38b355b9ed9b53892b8cef64d45d1bbc648,link_depth1,65,,,
https://docs.python.org/3/reference/grammar.html,79736cb0755b3fd4cbb61607b8c0e29e621292195068a0d721cd5a91e01fc531,link_depth1,65,,,
https://docs.python.org/3/reference/import.html,a1c2a649e169337946c599cfb75b8baa3bc83bf86d9ea599967975db69fff9f1,link_depth1,65,,,
https://docs.python.org/3/reference/introduction.html,6868de470cf71cb28bd3860c3ec0eab8f538491c7da01d8c3241c6988f2deb6c,link_depth1,65,,,
https://docs.python.org/3/reference/lexical_analysis.html,9c178ce981f0a704ce00a967fb17f6381b7496eb778a12d58564bff50d039833,link_depth1,65,,,
https://docs.python.org/3/reference/simple_stmts.html,d8c284f236f6289bb61ebf4cb1f983606f888580ea0e0717cf96887511134239,link_depth1,65,,,
https://docs.python.org/3/reference/toplevel_components.html,72f9288a6aa73067399e2c2fcc6038d0a42b935ae31a305211a4486ff8fea20a,link_depth1,65,,,
https://docs.python.org/3/tutorial/appendix.html,7c2ee1483fa2844bc6e2e04d435bf3bcf16e2aa452059ae29158d734d2bb8cbe,link_depth1,65,,,
https://docs.python.org/3/tutorial/appetite.html,04aefd47440423346da9d0dbdd064ddeaeb2464f1d80b50274e8ea9e16de1062,link_depth1,65,,,
https://docs.python.org/3/tutorial/classes.html,46da2dec76cbf946400024a4aca922b2b5894d703c8b58b26b72d0f047bc25b8,link_depth1,65,,,
https://docs.python.org/3/tutorial/controlflow.html,803c99b2b1c34bd7dfb1a6de24786f050ccf737d0504266ceae6dbe01c099395,link_depth1,65,,,
https://docs.python.org/3/tutorial/datastructures.html,5447a47212de42a72cbba78a6e2f56a24bb320498d1e1d5af243427ef2fceb29,link_depth1,65,,,
https://docs.python.org/3/tutorial/errors.html,8687f74540356d373e418bb09e508c373b1c16e4e7cd183d10a5e62e1f7ed12a,link_depth1,65,,,
https://docs.python.org/3/tutorial/floatingpoint.html,3eaf415c42528e9c88694b2cfba4614dfddac9268feb8d11b617e01956fb3e0d,link_depth1,65,,,
https://docs.python.org/3/tutorial/inputoutput.html,ece8c054f9a71bd676c52efa8c2dab279510bd1799de7b56989f08fd4b27be5e,link_depth1,65,,,
https://docs.python.org/3/tutorial/interactive.html,8c51a93ae1101bdbac1516853115939a961f84ca29d1c0642c9e8684927d3276,link_depth1,65,,,
https://docs.python.org/3/tutorial/interpreter.html,4dc70fe09ef04b01f6c41a8a3f1209672f08cf75a836dd456317884152a7bb1c,link_depth1,65,,,
https://docs.python.org/3/tutorial/introduction.html,dcff5d405c8a47fc921a09f58f5dbee0a54fd6b8646542952756e86ac470ac98,link_depth1,65,,,
https://docs.python.org/3/tutorial/modules.html,1d6819b6e05c5ae60b5a1d10aca4cf49f20ce2476a5b5452924898374b6905ed,link_depth1,65,,,
https://docs.python.org/3/tutorial/stdlib.html,5d7c7952cd4abfec8c7c98c45794722f3d0b51c71c01a092e3fcc9435ef4a1b1,link_depth1,65,,,
https://docs.python.org/3/tutorial/stdlib2.html,69d139cbd49dce3a03d3af71f3e34491ba8677b25f193f3ca97e93c6a63e001c,link_depth1,65,,,
https://docs.python.org/3/tutorial/venv.html,8439a074b8cb4e2322b25fbe56dba1fda842d64df3b3c99979e3db7ecb78562f,link_depth1,65,,,
https://docs.python.org/3/tutorial/whatnow.html,00aa7620dd0111739e2a0cc69e16086d7a96dc9408ce92673b48d5a7596cc257,link_depth1,65,,,
https://docs.python.org/3/reference/index.html,3b9cc3722de8c6b7c7698ef7322f7ab1e023992ca5f1eed1c2902da75a6896f2,homepage_link,55,,,
https://docs.python.org/3/tutorial/index.html,daa191588b5d80db370392ae91b17f58e27084d6dd071595b712a503c032fb4e,homepage_link,55,,,
https://docs.python.org/3/c-api/abstract.html,66dd845b1111e49b44900a08c9b969fc79b3756842941efe5f34ac13a37bac51,link_depth1,50,,,
https://docs.python.org/3/c-api/allocation.html,51a1c4ea5d21525bed8526a5faa8f69b61eaf2474abb6bf4990ddf8a2aa50924,link_depth1,50,,,
https://docs.python.org/3/c-api/apiabiversion.html,98f691f67dd81fed14cd4ead14cd8dd06626c66db18bf8ce2729449be8516e87,link_depth1,50,,,
https://docs.python.org/3/c-api/arg.html,d0c24466155cd0b6a1d64746f66d3a3a132d7a03d593efdc35520f6809175296,link_depth1,50,,,
https://docs.python.org/3/c-api/bool.html,627dffb203d094702569ad88e12ac21a642f127b869d1f8489ae1a66ce43a9aa,link_depth1,50,,,
https://docs.python.org/3/c-api/buffer.html,61ff046d7f3f304f89cafda6ccdb8e947ab5bd32ce64ec9d447500cd1142b1c4,link_depth1,50,,,
https://docs.python.org/3/c-api/bytearray.html,e23793fd6fa38ca14c18da3a2fc15d9a03e68453b7cbb61d28ead518affc8e4d,link_depth1,50,,,
https://docs.python.org/3/c-api/bytes.html,8a3d9b3e6d9f2eac17f37c619acc23b1bfe56edfa85e4c077c81edb5a9d95284,link_depth1,50,,,
https://docs.python.org/3/c-api/call.html,4aadaa63c32e434dd6ab8b896d6324ffa4ac5655b774c94213bf66eb95abecaf,link_depth1,50,,,
https://docs.python.org/3/c-api/capsule.html,19a2e8e899faa7e93d263bb44cd19226c0f5930c231befcbc5c8113aad8f100b,link_depth1,50,,,
https://docs.python.org/3/c-api/cell.html,c0d68a31797701c7cf28b34ee47c1d9df4914aca89ee8b93d2064289a34aa425,link_depth1,50,,,
https://docs.python.org/3/c-api/code.html,32f3f774e79da72546023fee60f290150e8dd5ac8bcdae839a0eb2fc3c125cb4,link_depth1,50,,,
https://docs.python.org/3/c-api/codec.html,37d0bcf3c5873ba5a02bea4ce03b2ef7c844eb4469b03228a77067ffe01bd290,link_depth1,50,,,
https://docs.python.org/3/c-api/complex.html,cac7d54100332deb67605a80705c623138abbd4b89c537a5e846c51789da5fb5,link_depth1,50,,,
https://docs.python.org/3/c-api/concrete.html,06d5338f1b272ed782fe82bcb53c5141c909e67deec3a85cfa95e9bfeae82336,link_depth1,50,,,
https://docs.python.org/3/c-api/contextvars.html,da6e2a31096a04b66f200d47f01e43a8172d5fb339f46b661fdfdbb9a11a1674,link_depth1,50,,,
https://docs.python.org/3/c-api/conversion.html,294d88f55dced36eb586271487bcf85ab6ebf75d0a0cf3b9939ec4615979a176,link_depth1,50,,,
https://docs.python.org/3/c-api/coro.html,22ffa10816f5f9f8ce6f029b6f5053177613e936a04af21eeb3ca2b52809597a,link_depth1,50,,,
https://docs.python.org/3/c-api/curses.html,b15d364106389416f8f159e1be20db24b11f7d2bcf1ded0f5e2703c7fd074bce,link_depth1,50,,,
https://docs.python.org/3/c-api/datetime.html,e6be4d816ef77f787c652a4e68246fef1da7069bc7f3e89b5e3348111091f90a,link_depth1,50,,,
https://docs.python.org/3/c-api/descriptor.html,4b3701172b1fc453e40dae1a11d81a03acf16dcac32a642b98c57804adb3da52,link_depth1,50,,,
https://docs.python.org/3/c-api/dict.html,a5c32531b5f7c655dc930f5b7e33e760c67ff968613e9c845894388711542de8,link_depth1,50,,,
https://docs.python.org/3/c-api/exceptions.html,77d451a26666ac6511f74061bc334e719dbe5c662bf60b3527e207f06b51e079,link_depth1,50,,,
https://docs.python.org/3/c-api/extension-modules.html,ff11aac40ba02a5aa5fb947ad41d1d20c8b6402af2ae50b97cb6bcbb69e3064e,link_depth1,50,,,
https://docs.python.org/3/c-api/file.html,524d50be670f36d611a9241aa804d8505b95307269159746234670805bbf05ed,link_depth1,50,,,
https://docs.python.org/3/c-api/float.html,8ef0ed7b24bc1689dac5cbf79f56fd5722fca9d543224d43db66296db1034352,link_depth1,50,,,
https://docs.python.org/3/c-api/frame.html,9aed538fac4638d28a4ab20a78f0579d027d67c53f1777315aa9a6814fd0c70f,link_depth1,50,,,
https://docs.python.org/3/c-api/function.html,8aacad7be41945b1dae8578342382bb46ddd50656ca4411006148158b081b636,link_depth1,50,,,
https://docs.python.org/3/c-api/gcsupport.html,86c29057b8c9f2f0706aa9c033c67deb1f0a09b84cab9435d6a06738fcf88a00,link_depth1,50,,,
https://docs.python.org/3/c-api/gen.html,d7029b4f8b9d0831c3288979358d829beb77105282cad2950e9cad9d54f36ebc,link_depth1,50,,,
https://docs.python.org/3/c-api/hash.html,8744c586df7d45376c528eb8dbc4812c25eee7d10a3200e99fc648426601aa74,link_depth1,50,,,
https://docs.python.org/3/c-api/import.html,8ac5c33bb4678d7cbc62d5e39397405cd01b530cb968449ff9ad8976626f2aaa,link_depth1,50,,,
https://docs.python.org/3/c-api/init_config.html,736c576e8c723fc0c1a6c02f365343521e1d701bed278a86814595734ca4282d,link_depth1,50,,,
https://docs.python.org/3/c-api/interp-lifecycle.html,5e4086f577f7d4a2ff7d81bda5e5de46b45bd88204627780e5ed7306d5a65337,link_depth1,50,,,
https://docs.python.org/3/c-api/intro.html,64956af706963b53c78780c9131ce8cb49e7e7b94b3d734c0a8c4e82dcf1dd0c,link_depth1,50,,,
https://docs.python.org/3/c-api/iter.html,04ed116448a57ed90aaa947574607e831882dd55f95e6820e33277163a2c72de,link_depth1,50,,,
https://docs.python.org/3/c-api/iterator.html,ba316355dcec3801381fad628299b4659012282a369e70dc8a206d010b5f9de5,link_depth1,50,,,
https://docs.python.org/3/c-api/lifecycle.html,7eb41a9889568ce3f41b140a8cd416b2f790e77074293196a63053eaacc77bc5,link_depth1,50,,,
https://docs.python.org/3/c-api/list.html,aab7a74133827cc655f3cdfce10ef6b6079fd479731db42588c67f40c055d2e4,link_depth1,50,,,
https://docs.python.org/3/c-api/long.html,00cbf449ea175cba339171118d857f72bb1bc00d9d93053f5a09c3cbc1526dda,link_depth1,50,,,
https://docs.python.org/3/c-api/mapping.html,a01ba67fe277eb89a58f2219ba4608a02d2b546ed205b8e5ba1430145859eebe,link_depth1,50,,,
https://docs.python.org/3/c-api/marshal.html,3cfcc5a71c0416a4cc50de3301dee77814581f6b9630dad4e06bb2fce8bc00c1,link_depth1,50,,,
https://docs.python.org/3/c-api/memory.html,51808b8e4dbdd32465a18d68bc57b373318d70a3205f922faf7eae535dfc5013,link_depth1,50,,,
https://docs.python.org/3/c-api/memoryview.html,4c9a6ad72b85a56392343e51041159af2d2ec9df8c6c00f42854d2d7568d1f8c,link_depth1,50,,,
https://docs.python.org/3/c-api/method.html,a5aa624d61ccc93a1e4d9bbcf2fa9993c99d7ae64bb08f357c0088abcf59a6e0,link_depth1,50,,,
https://docs.python.org/3/c-api/module.html,fa98c09baaf7ad236f52d29fadb1e5787f83c352c0bfa7cbd6272d08801fe991,link_depth1,50,,,
https://docs.python.org/3/c-api/monitoring.html,5acfbad6af2226f5893b63a93da9f75f25f5120d6ed90d49d5fe2b7854259d31,link_depth1,50,,,
https://docs.python.org/3/c-api/none.html,23417347c014ce116b98e81f810cc6931097a8ab998d3660003ddcf66ea13d4e,link_depth1,50,,,
https://docs.python.org/3/c-api/number.html,aa80e19c65261144d2ed347cbed68050afa12d6253779eb6b8efaefe076550be,link_depth1,50,,,
https://docs.python.org/3/c-api/object.html,a9a4d261c289e86ccc4e23235264bd645bc735456ae2c96d39db998c9880528b,link_depth1,50,,,
https://docs.python.org/3/c-api/objimpl.html,824d91fe66895786cc322c46dcbe2f01b9356cdbe674f25449c9c96975144bcb,link_depth1,50,,,
https://docs.python.org/3/c-api/perfmaps.html,ea8cb87f7fb5ee897666c13441b68ecdc5a126c5ee2b9cf577cbe8d02bf126cd,link_depth1,50,,,
https://docs.python.org/3/c-api/picklebuffer.html,5053cb07f5e07a148fc2155af05b31158445483e8366792d9059d8a7596106af,link_depth1,50,,,
https://docs.python.org/3/c-api/profiling.html,ac7b9f289ec63bfa39743ab66370da0bf4456242fbcbf673656ba012960806fd,link_depth1,50,,,
https://docs.python.org/3/c-api/refcounting.html,44e1be94f067cac1922e66a837ee3c06ccb513cec514b6281fce4a60cd41d992,link_depth1,50,,,
https://docs.python.org/3/c-api/reflection.html,eefc16b4e52230b4fdcb087df25dad8cd4dbb4a48c949398013ce6452f048fe0,link_depth1,50,,,
https://docs.python.org/3/c-api/sequence.html,c6ce3e3f754d7dc615ca21f373de1ed3961a667f3abd31cd0ea093150d34837e,link_depth1,50,,,
https://docs.python.org/3/c-api/set.html,43760a87ca4454dc7133587fb02c2de54b0864b1726a8b96c112aeae128b00f1,link_depth1,50,,,
https://docs.python.org/3/c-api/slice.html,4849feb1e50d0f7a0ba0227e73e40cb7afbebc8673f662306eddc92f339496bb,link_depth1,50,,,
https://docs.python.org/3/c-api/stable.html,ff0d2784b0345c0dc6690c6b4b7ad24a742e64f3c7b1f422f40b9a7b5fa498be,link_depth1,50,,,
https://docs.python.org/3/c-api/structures.html,0a02939fd0f170b989516157f270f0f2ceb418d286d65975bae7ac743d34aa8c,link_depth1,50,,,
https://docs.python.org/3/c-api/subinterpreters.html,bd45c2898a9459241a78e63dbcfa4c139201415e5dfaf6f95d5ff0a9716fdca6,link_depth1,50,,,
https://docs.python.org/3/c-api/synchronization.html,d1277f5fd83156a02f98e2ccaa1f905da420a8ddc1fe26c8f116382175fbe4e2,link_depth1,50,,,
https://docs.python.org/3/c-api/sys.html,12d4544d41dfccd8ee224d3d6e7019638f22f9b209a06d55ac89e00bd9b45e1c,link_depth1,50,,,
https://docs.python.org/3/c-api/threads.html,9ab394e4f4b92edfe7d6fb52b82121afdf24771798e9e79ab15c1bb19692cfc7,link_depth1,50,,,
https://docs.python.org/3/c-api/time.html,d26e53e42975a6ec4f1b5a386253efc21ee4d2e6b35061606a50a05c8e182850,link_depth1,50,,,
https://docs.python.org/3/c-api/tls.html,32f8d6cc66ebc03a77b50a927c5f3c5fdbf50f608dc2a6ad467fdd428f067e60,link_depth1,50,,,
https://docs.python.org/3/c-api/tuple.html,96b91e2448d52eebee12d8f7be6d5e8e8946f0aecc4971245646b50a81a5184c,link_depth1,50,,,
https://docs.python.org/3/c-api/type.html,310af0cb1902c323136954e5297ab2dbdfe7a1544ba8f3253d016a029f1efe57,link_depth1,50,,,
https://docs.python.org/3/c-api/typehints.html,34ef43c9138be5b5966d09f4130f88b97f55c628064b2888a8b973e24e9eaec8,link_depth1,50,,,
https://docs.python.org/3/c-api/typeobj.html,c0bd6c296a361374dd0ca3c519c49435d2c6786bf7117c7cc7c6c336c490c1d2,link_depth1,50,,,
https://docs.python.org/3/c-api/unicode.html,2b3d24489af51b9718b5ba2bff95b6ca85a35a3a5791b061dae55d3754d6d895,link_depth1,50,,,
https://docs.python.org/3/c-api/utilities.html,bfa211f73d379a9a83e05a31150783c8b359c4efb92ba6a518f9363e396b2d95,link_depth1,50,,,
https://docs.python.org/3/c-api/veryhigh.html,6b3994cec734175043209212eacb4bb360bffbd757d15fd233401a862991aabf,link_depth1,50,,,
https://docs.python.org/3/c-api/weakref.html,87861a6c805c020a35dc5d4c53b8bae2f3977460c346a97e9ce1f7a38a9721d2,link_depth1,50,,,
https://docs.python.org/3/extending/building.html,6720deb43496f9a0fd0a627ca2080cd2c9153d9275eaaef4d6f189362014da9c,link_depth1,50,,,
https://docs.python.org/3/extending/embedding.html,ed46ea91f9da50cf43fbd941eacf41c3cc813c987c3cc8ec45bada95f712b558,link_depth1,50,,,
https://docs.python.org/3/extending/extending.html,ed8b267621f5626d3cda21e1a9af9551de9a84ba2143b753c84550c87231a5a8,link_depth1,50,,,
https://docs.python.org/3/extending/newtypes.html,4cf09e54cd59572967353a0f8a0a7bc7d146617e0e561ea4989fd1801dc85265,link_depth1,50,,,
https://docs.python.org/3/extending/newtypes_tutorial.html,87937b201ad13c6a7f1de05237177e01579dd4afe6ce5197750a0f1677ac528d,link_depth1,50,,,
https://docs.python.org/3/extending/windows.html,2e9a8a6de79696a786c237f6d2f388ead46936a3de10bc2e8da7a69aa63537c7,link_depth1,50,,,
https://docs.python.org/3/faq/design.html,4c68c6e1dc7b8d4e9d293d45ebb937517d2058e7f907e68038d2981141edd4de,link_depth1,50,,,
https://docs.python.org/3/faq/extending.html,cd4e7191ca6c87597f4c68606f1a13c78cc4928105b95f23a92075baba47c3ad,link_depth1,50,,,
https://docs.python.org/3/faq/general.html,573c49e4f032d6ed69bf484315c73e94400a237fbae4dac39cddfafb217a3ae7,link_depth1,50,,,
https://docs.python.org/3/faq/gui.html,d124489886108dbc073e3961b0bb865b9b4d6ebd43d2c039c629ae7ba3f1db8e,link_depth1,50,,,
https://docs.python.org/3/faq/installed.html,08fc7261c152757908b59088a3e902ca13733997904c6447ae97c47d557cd2f0,link_depth1,50,,,
https://docs.python.org/3/faq/library.html,095c358640bc92921d3c5ef0d513d72a623af964c6c2428366a2639126f9a7e7,link_depth1,50,,,
https://docs.python.org/3/faq/programming.html,29ede6f7a16b3ffdff22d858e1687c108b8a434af2ae5e056970fd23b1ed9797,link_depth1,50,,,
https://docs.python.org/3/faq/windows.html,7f2fef546ca8815415c2c9c177aae09f53261d2f20e6d2c41ed582d9d4b98171,link_depth1,50,,,
https://docs.python.org/3/genindex-A.html,f2c2929f6274a4664d1fa5941509a0a7d6864c7a15171a71f141d4df5bbc7de4,link_depth1,50,,,
https://docs.python.org/3/genindex-B.html,d8493177b7cbea444b2623543579d7945db80a8896c7ddd7afce08aa9194d666,link_depth1,50,,,
https://docs.python.org/3/genindex-C.html,f10637bf1fbf3a171c42bddc4d63fc2ce3221bc2017d84e151ce0eebdee6cd6e,link_depth1,50,,,
https://docs.python.org/3/genindex-D.html,3870b84a644072bef91a5375c1c185b59ed09a6c400cf5b8d33220219ba0d017,link_depth1,50,,,
https://docs.python.org/3/genindex-E.html,0f6a67f88a5e05394de715212c83d1f4e5e2983767473620412b01db007345b6,link_depth1,50,,,
https://docs.python.org/3/genindex-F.html,fd8298d3e77a5c0f69db0d8c1eb958064b878fd738a9c9ea8bbb8729f709de3b,link_depth1,50,,,
https://docs.python.org/3/genindex-G.html,2c9bb2f4538610cce1a1880d709bf96c3940c7e94f63d944c632814e4c68b722,link_depth1,50,,,
https://docs.python.org/3/genindex-H.html,3091d9125f9da3d63c7ac32701255f0f95f1915d301595aff610ab473340bf01,link_depth1,50,,,
https://docs.python.org/3/genindex-I.html,d37745d93cc687e766bbd69f5195a2bf597e168a4cdb87834540ab1c4d73ee7d,link_depth1,50,,,
https://docs.python.org/3/genindex-J.html,3d2b33960a010aa45deb89d92f0dbe1c358b7d5fed9881ec868b2e95b592003d,link_depth1,50,,,
https://docs.python.org/3/genindex-K.html,d72d2da02726a8c9b66bc775cc5497aee1e970ff43ed37051e48cd4b7f03650e,link_depth1,50,,,
https://docs.python.org/3/genindex-L.html,4216fec03d13c296cfef3322ec8704a3040ace1a3371fc7e71befedc3b694947,link_depth1,50,,,
https://docs.python.org/3/genindex-M.html,5ee6432ffb5d398ca814d5d45136b48c86a9648bd38f74d69dfadd4164d1d1df,link_depth1,50,,,
https://docs.python.org/3/genindex-N.html,078d85a1bbc8644812df1e6288eccdce7a2654dac2afd821edfbdd6dcc016301,link_depth1,50,,,
https://docs.python.org/3/genindex-O.html,6de4e962f16cbf2e13ec527294f95d1413e576a31041bee44e8f902ec435d964,link_depth1,50,,,
https://docs.python.org/3/genindex-P.html,bacd2547263c265c3f12fa7d96caf4b456f63ffe584768d8d2725b0d98447e5f,link_depth1,50,,,
https://docs.python.org/3/genindex-Q.html,2cf1f1813fbd37cec31d094c382085d64ade3c06134cf7c7710ee443a13de544,link_depth1,50,,,
https://docs.python.org/3/genindex-R.html,0e59f94be76559384888eeef6d20ce628eab5c3a12d9355c42e118f4e4001877,link_depth1,50,,,
https://docs.python.org/3/genindex-S.html,dbe6bb451e770b766db8607be5327531673e749d9de4358463ee5692ba68fb47,link_depth1,50,,,
https://docs.python.org/3/genindex-Symbols.html,bf8905efc6cf229d736ca04742555bff69c8c71527583ff6f9c6e61a09638522,link_depth1,50,,,
https://docs.python.org/3/genindex-T.html,2ee15e315475049710ec5b0e49b42502489dc759ce906d9bbb205c4346d21724,link_depth1,50,,,
https://docs.python.org/3/genindex-U.html,6c5b70fd59393483474656392fc97d39085a760f86c3b464eb07bbde3891c085,link_depth1,50,,,
https://docs.python.org/3/genindex-V.html,53c8e423c54b1fae7d8a2a5323100877d4c3c6894ce2bdd4ebfb27bef9c56344,link_depth1,50,,,
https://docs.python.org/3/genindex-W.html,7c69443431ea86624c0d9e0bd767ae054f80b277b250e7d8c1267db087f68fc1,link_depth1,50,,,
https://docs.python.org/3/genindex-X.html,0da2096bbcc0ed40b0ff30503fef57b07202cd32dcfb57ff14cbd6c3bd90d1af,link_depth1,50,,,
https://docs.python.org/3/genindex-Y.html,b4ca530440899c33b61aa47bcd0f8abd6cda890175a8250c553ab468f45f7053,link_depth1,50,,,
https://docs.python.org/3/genindex-Z.html,16c4e09880b80895bdc2d693bbb3ae21b76fdeff9255db224f9965612efa7d6f,link_depth1,50,,,
https://docs.python.org/3/genindex-_.html,cae9b268104e53b047df0b3a5c75edcab3f0336de76a6b344c3f83c6012d2595,link_depth1,50,,,
https://docs.python.org/3/genindex-all.html,79bd500914d87c83e9680f4ea1789d965ee2dc7c988e91221ef22e5bf4426bef,link_depth1,50,,,
https://docs.python.org/3/howto/a-conceptual-overview-of-asyncio.html,7ce12a785c395bf6089d9f11a72e2a120bd4c65c3c1f944b075e77ca8ced4e7d,link_depth1,50,,,
https://docs.python.org/3/howto/annotations.html,ec4e1192759764917acadbc48065f1bf3f20d602a482ad06259d7f0d0143a6b4,link_depth1,50,,,
https://docs.python.org/3/howto/argparse-optparse.html,6a54b38dd10be2f3547435118dba11a85f71fc109501aeb7ed8a474ad9269e07,link_depth1,50,,,
https://docs.python.org/3/howto/argparse.html,db0ce0688d210afc751ec651d55c1394826d67f203fd840eb197af6ef66e30aa,link_depth1,50,,,
https://docs.python.org/3/howto/cporting.html,bd171a8c0859d242bd133b35eb4b6050f31e322c409a51e6ce3b91364cf62e08,link_depth1,50,,,
https://docs.python.org/3/howto/curses.html,53eccd1e93a130b96a26554216c5c644c7a77e55bff1072ceb08522f217eb247,link_depth1,50,,,
https://docs.python.org/3/howto/descriptor.html,23d84f52d7f01ffc6f59a46c4a8010413a4f6a75927242a31d78e9c75dd05b55,link_depth1,50,,,
https://docs.python.org/3/howto/enum.html,37588d80ec84351caa127911d407afa5810988f59935aefc319c20004a1dba6d,link_depth1,50,,,
https://docs.python.org/3/howto/free-threading-extensions.html,14331afc9c3be27f1b244c7e4465c4588748975d474f8cc6ffce403cae16c594,link_depth1,50,,,
https://docs.python.org/3/howto/free-threading-python.html,4cfe02dc67d39cc258c3016615ae78b26c792aa5109cb340743294b9c8a569ff,link_depth1,50,,,
https://docs.python.org/3/howto/functional.html,1348e69a6d8a3de957beab55e988dfa0224249a89ec6098bf52f6549bb9eb54b,link_depth1,50,,,
https://docs.python.org/3/howto/gdb_helpers.html,a6d020d6f47096e9f070aaa2848e930087253f46f12722288508ad4e5bb037d7,link_depth1,50,,,
https://docs.python.org/3/howto/instrumentation.html,81eec480d308cc1a4d1a375592a6bfd586272ed4b3e390792f45ebe2c7f71c22,link_depth1,50,,,
https://docs.python.org/3/howto/ipaddress.html,0b8526db2d2df56ffc742761d619ae02ff57c73b96a7f5ef26295464d10c1e9d,link_depth1,50,,,
https://docs.python.org/3/howto/isolating-extensions.html,0a367d25c1aa18de6401a835eecf210aca1ee24e7ad4d1d46ebb643cfd926a0a,link_depth1,50,,,
https://docs.python.org/3/howto/logging-cookbook.html,a581deb36d8f5c513b50ab154808209b22a18527cacaacb14b6ef14be0adc9a5,link_depth1,50,,,
https://docs.python.org/3/howto/logging.html,9af3616aa3d10c5e72a0110f449d73e03fd03d20cf1420eb0e3f49b44889df0b,link_depth1,50,,,
https://docs.python.org/3/howto/mro.html,94d51ceddb29e17271dec40a3c1758d178d850c6ca3aa403a700f339504c0c2f,link_depth1,50,,,
https://docs.python.org/3/howto/perf_profiling.html,3abdf12f139ab4a99fd842a1379ef0befae261d9e02b4b0da0b8fd75f84d51b7,link_depth1,50,,,
https://docs.python.org/3/howto/regex.html,898364d942d572c5d8db79e058e981e35e864d01ceb4037d8bbaa280537647e5,link_depth1,50,,,
https://docs.python.org/3/howto/remote_debugging.html,b21ced276cce5a4b98bcc6cdaec4b7a293a47fe9fc5e9647701f267c33997adc,link_depth1,50,,,
https://docs.python.org/3/howto/sockets.html,481d49e36a32474dd55eed2fbefb132c363ce07a64f997e0256e3a51811957af,link_depth1,50,,,
https://docs.python.org/3/howto/sorting.html,37d128dfd5d3c148a12f7747e3d6476b66aa624b323e95489a9f08c19eb2246e,link_depth1,50,,,
https://docs.python.org/3/howto/timerfd.html,5183560b79d293cc88723a583ed2aa93e08d4ab11320c77fe13a4345a9beec3f,link_depth1,50,,,
https://docs.python.org/3/howto/unicode.html,58aa6729adcfcc0af4fad565110ba05284620be44f35260d4c47244153dba92b,link_depth1,50,,,
https://docs.python.org/3/howto/urllib2.html,db6e7832210efd4d086d12e4e3471778a4d835c8a60a3ed3a2dec9bc73cd0038,link_depth1,50,,,
https://docs.python.org/3/improve-page-nojs.html,a187eb560f4a2bc196a57fa20cd7e23f793e12f960f0aad23bf5f2887efb9302,link_depth1,50,,,
https://docs.python.org/3/index.html,b82d4bb33a27e3ded2018b91622545284f640d29b7e41079cfd3424be770cd14,link_depth1,50,,,
https://docs.python.org/3/library/__future__.html,c6fb190a7386f899236e10b7f2a884811651596d41bcbccf1108fe15fa5cbe13,link_depth1,50,,,
https://docs.python.org/3/library/__main__.html,b66a13c01ade2088384dabc726cca0db97349a75d41e964e913a1738f37796ae,link_depth1,50,,,
https://docs.python.org/3/library/_thread.html,ec42b098f63c69cb3a582241ba2b0108b65bbdb6b0f24c8d9125532b96da1f75,link_depth1,50,,,
https://docs.python.org/3/library/abc.html,9e0ca21e58373373e479d569cb59f86204bc90d8b47c7f99ceca9d83de93a535,link_depth1,50,,,
https://docs.python.org/3/library/aifc.html,972126c4906804386d8079ed5b9c441c37cc0ce5422a8f4f3430fa129014d597,link_depth1,50,,,
https://docs.python.org/3/library/allos.html,724be8262daaa642e96e9d7f1522622277cb38729c7941d9934446cc331d7052,link_depth1,50,,,
https://docs.python.org/3/library/annotationlib.html,8f94eaad2d810c4e592f67fbe02b729b63eb9f2530fdc38e9c3dcd8697fbc8a8,link_depth1,50,,,
https://docs.python.org/3/library/archiving.html,b4327d91c4a68dcd001bde06fd96d2b78e7c1dfce7fce1305b6cbfc12ca9284c,link_depth1,50,,,
https://docs.python.org/3/library/argparse.html,49b35a1823d1a50cc68cdb3d3d5a4bed1daeb2522d318fe49df0988627eef9eb,link_depth1,50,,,
https://docs.python.org/3/library/array.html,b1a8388833d7d4a27d0b67235c22b28739903d59862938a56803bcee0fa94c9d,link_depth1,50,,,
https://docs.python.org/3/library/ast.html,f37e53491e91ec1c95caf031eb2c8bb4f521d2425a2acab40141781bb2d793b5,link_depth1,50,,,
https://docs.python.org/3/library/asynchat.html,e1573397469b43222d0be0002a1f775f1ff5f7962205661305b4a6a52604a2e9,link_depth1,50,,,
https://docs.python.org/3/library/asyncio-api-index.html,9bac478c288052d84c17b10aad0e82d21ce31849826b2a93365edbe55a8f3919,link_depth1,50,,,
https://docs.python.org/3/library/asyncio-dev.html,98d46c60542f8151926c28c00ab518bd45ccbc7f355f3629a97521db8291a70a,link_depth1,50,,,
https://docs.python.org/3/library/asyncio-eventloop.html,2feb2c86c1f24305acd977aff8cf33205de9000d36e352293c278aa1faa5eb88,link_depth1,50,,,
https://docs.python.org/3/library/asyncio-exceptions.html,ea20f43c7aab2306bfa477012efe5a48fa859f28e18e94fde6bea9af44be18f9,link_depth1,50,,,
https://docs.python.org/3/library/asyncio-extending.html,a8fcb564862a109ea4a796624abd226257cd41b831c905ca611c42262ac44ba2,link_depth1,50,,,
https://docs.python.org/3/library/asyncio-future.html,d3d8ceb3dd24e4ef834915799db00197303c502b2acef0acc87ee89643d71590,link_depth1,50,,,
https://docs.python.org/3/library/asyncio-graph.html,8d5d185198b9cddde4547a348d13459a1a0af2fea0e081a7162f8a5daf7c8576,link_depth1,50,,,
https://docs.python.org/3/library/asyncio-llapi-index.html,c20180e0d27938d2731006d688d2910fccbc9496533efc2b75903241f8a3e435,link_depth1,50,,,
https://docs.python.org/3/library/asyncio-platforms.html,d195642facd78736318a6db1c10f9aff5b1f7381d95605f80dd0b581e20cf3db,link_depth1,50,,,
https://docs.python.org/3/library/asyncio-policy.html,1fe7600fe20858df1fd89564cd49227eb215a0008202a38e9abea473735b95a7,link_depth1,50,,,
https://docs.python.org/3/library/asyncio-protocol.html,243c3a38104ce55123b9dfc512ea70c24b3f9d839e74fdedd0450b0a195d6c71,link_depth1,50,,,
https://docs.python.org/3/library/asyncio-queue.html,4893ef748ce61e9d8141d038e27e5ecf9d214644ff8b4d7f4224b1f06cb66485,link_depth1,50,,,
https://docs.python.org/3/library/asyncio-runner.html,b253abb8638845c3e01d5b675b1fe34a554f204e15d60e31fae6f319c988d93f,link_depth1,50,,,
https://docs.python.org/3/library/asyncio-stream.html,acaed8e02c50c3b754665e2e34d9c3aef06ada93f22dc3d25c3d60364c19131e,link_depth1,50,,,
https://docs.python.org/3/library/asyncio-subprocess.html,ad727d9f024ccf8f559f936b1fa64fb608b9e99ea22513fe1b7e1b06aa5ee190,link_depth1,50,,,
https://docs.python.org/3/library/asyncio-sync.html,dc7a45a9f79bd4eee598086aad87066bae2659c279032881173bee0fe566e764,link_depth1,50,,,
https://docs.python.org/3/library/asyncio-task.html,8648139190e534786d6204dff7161d395d89e1688db509a72c2f161c4389e645,link_depth1,50,,,
https://docs.python.org/3/library/asyncio-threading.html,3ecf22034d1108b04a61b6d186f850fc2ace5bb88fa0064992b5bf620eaa1da1,link_depth1,50,,,
https://docs.python.org/3/library/asyncio.html,eb33d36da592855b5796694f3ce252b91bcbc19ea06f926195e4f54065760e27,link_depth1,50,,,
https://docs.python.org/3/library/asyncore.html,ae218648ba9263e8e8acea80810ff78bc793ffe8c55498bd3174ff1ebf27b0fa,link_depth1,50,,,
https://docs.python.org/3/library/atexit.html,86676ad80e3660c600b75f6f9f647f2199b3d753e9d63be57a47776b3cf05fd8,link_depth1,50,,,
https://docs.python.org/3/library/audioop.html,01ac3033110b9ee9611e12a76b6d71561f2da4532d130dd6ecbe03b0c600bc7f,link_depth1,50,,,
https://docs.python.org/3/library/audit_events.html,9866d9de68ece1e5c0d6dc61ae32759f9f6a99591684d9089e98f7435badf8ea,link_depth1,50,,,
https://docs.python.org/3/library/base64.html,54c57913714d3a20ba7b1ef8b97ea83e1b7453a4914e8bf7d8e4ef05117d45bd,link_depth1,50,,,
https://docs.python.org/3/library/bdb.html,3edbbcf4cd62b7c78fb6c9d28f764739f2882ccee1f0b0c3c97a523a75e3ee25,link_depth1,50,,,
https://docs.python.org/3/library/binary.html,c061c971445f6e6ff77125d7edcb16f9a218bbb8ac5696a20076d0474fbe9ea7,link_depth1,50,,,
https://docs.python.org/3/library/binascii.html,ace2b1960097172256c907ee7aad3af36e7bd5061ef1e36c225dc8a79f9a9cc5,link_depth1,50,,,
https://docs.python.org/3/library/bisect.html,e1b9427f49a43250c7e029638d1572e1d1d208dad53b164ccd7ae797d3ed1c5b,link_depth1,50,,,
https://docs.python.org/3/library/builtins.html,51000bd555b3c5a1a33e61324f82a54ffd86d7402d2599eb740002a72b297220,link_depth1,50,,,
https://docs.python.org/3/library/bz2.html,6a582c87d1279c6e1c8323f1157f1b1421673d67927bc0be0fe714dd105b959c,link_depth1,50,,,
https://docs.python.org/3/library/cgi.html,f19f95229faa33c5de3c6037c38a8e2e93348892901c10b7fe8d92c117217e08,link_depth1,50,,,
https://docs.python.org/3/library/cgitb.html,75fd2c174dfb7e155a8b9a5d7c953bd7f574d0d4a9a55e1e1d182ad2baac3496,link_depth1,50,,,
https://docs.python.org/3/library/chunk.html,2ff5565b045f0ab7260aabc37d834f1b4d017ceb85f52790bbb90c36426eccbd,link_depth1,50,,,
https://docs.python.org/3/library/cmath.html,307d0f074ede3669046ed03492be1684d5b7dc3209985c1f5ee66a597a17fc75,link_depth1,50,,,
https://docs.python.org/3/library/cmd.html,83efa6fcbf38956a0047bc22e78233d7d1322d884356e8abe1cfa70ff27b0e1d,link_depth1,50,,,
https://docs.python.org/3/library/cmdline.html,c1c1b190651ba2cfa9908fc40e79002c86783f7b5e0052ebb2c6e1ba6f18c246,link_depth1,50,,,
https://docs.python.org/3/library/cmdlinelibs.html,f90404f02f5b8ca5f3b691f4e665940fcf857d2fecaeb7531a4f4a3d380bc488,link_depth1,50,,,
https://docs.python.org/3/library/code.html,413125ac6a9f5bb32dd239cb5141fb0dc5cf54b33743a3a3669eafa37cde2ce8,link_depth1,50,,,
https://docs.python.org/3/library/codecs.html,6b1d6ecbf39ea9cd8e948edb46740d0817278ccee6528cee09d0d9c6960c320b,link_depth1,50,,,
https://docs.python.org/3/library/codeop.html,bd05822ffea3c9be069a61f1742257b4730b028a022ac1a6d0ab24167b98acc4,link_depth1,50,,,
https://docs.python.org/3/library/collections.abc.html,3e7888656a380621ded4fb841a01b2b83352a4c402fa81342dfd17282c5bceed,link_depth1,50,,,
https://docs.python.org/3/library/collections.html,4b36d233d122f07c405e401575cf7342bef25294c13c4a81dae68f8d64463445,link_depth1,50,,,
https://docs.python.org/3/library/colorsys.html,f7f6e8b21fbfc3186718d26b1ef74c7836a3cca801990d09b783c0c237995437,link_depth1,50,,,
https://docs.python.org/3/library/compileall.html,47fc75ec377260a00e85ba1d58ad08bb88a45bd6df7de6c7b27237efbc7f7b83,link_depth1,50,,,
https://docs.python.org/3/library/compression.html,1591d58d192851f3b6126997c55557f1bcc996e2617eeaa286bca2f98f202a86,link_depth1,50,,,
https://docs.python.org/3/library/compression.zstd.html,66f34da37ec5bb4e71c96724cc702669b8773a21223a909acc9e4e0936b6df91,link_depth1,50,,,
https://docs.python.org/3/library/concurrency.html,b4280712d4e812c4f738d00adb8d2a3792ccb859f7584b1b5233dcbda0245efc,link_depth1,50,,,
https://docs.python.org/3/library/concurrent.futures.html,9b4cb44b1d60e20a83e947749331982ccc7b1797481c1d52a793ba52dc022171,link_depth1,50,,,
https://docs.python.org/3/library/concurrent.html,24034c39ce8801081caa2347ef9a900537b823065455a9fa333d820d3b2e37d2,link_depth1,50,,,
https://docs.python.org/3/library/concurrent.interpreters.html,6fb47049d281244f3ccdf188aa2cb485296786db2e2d4054492de485f2b62c23,link_depth1,50,,,
https://docs.python.org/3/library/configparser.html,caa28eb2d1fbc29391f8f93f28854725812993370496f5447c35d834cda9ab9b,link_depth1,50,,,
https://docs.python.org/3/library/constants.html,a8c4ec5eeeff651e90a573dce5b1969dcd74f7f4122f83a73a73a3ddb72e3dc3,link_depth1,50,,,
https://docs.python.org/3/library/contextlib.html,b6305e439d4a4ff873ae6e4fe7f0d9ec4c0e4818ebbcc4869ec9543aa4513d09,link_depth1,50,,,
https://docs.python.org/3/library/contextvars.html,030e4392cfa7793f47d6c7ad6d393d801e4273ecd084fca50ad02e1b7d0df727,link_depth1,50,,,
https://docs.python.org/3/library/copy.html,8fa1ec1736bc3e699d2eb0cf430f7c230fbf39f4fbe45243c1fdb1a0afb21fc8,link_depth1,50,,,
https://docs.python.org/3/library/copyreg.html,cdabdf2443d0d8714aa24bf23960167e4ee28d147e44f2d6f4198921b84b0804,link_depth1,50,,,
https://docs.python.org/3/library/crypt.html,7760d353c8471987d75f73a1d4d8d32c89d2dea83f27b0837bd8bb5276ecd21d,link_depth1,50,,,
https://docs.python.org/3/library/crypto.html,42a35e63c971e19f1dca39ec56feb68e28bbc4efbff2c89ade7f2afc81111ebb,link_depth1,50,,,
https://docs.python.org/3/library/csv.html,9cfde96bb911783c2185e969013feb4532d91373d2b5d0f66457169087fab193,link_depth1,50,,,
https://docs.python.org/3/library/ctypes.html,07786b1c09d15ee797dc56ad40f7dfbe36e639ed8b710b679d98ae1d7c6ac72f,link_depth1,50,,,
https://docs.python.org/3/library/curses.ascii.html,1e6bf2b665649328e2f4fbe3223165006920aa03c363f4b8af4f5b966252e20e,link_depth1,50,,,
https://docs.python.org/3/library/curses.html,4272fbc34192f728af72e8b2db30e5034a76b48ec6620bafa64651d77eaddb78,link_depth1,50,,,
https://docs.python.org/3/library/curses.panel.html,6c2fda421a5fb403611900340de52a1b39b52e0d644ad0334224878e48cb2f66,link_depth1,50,,,
https://docs.python.org/3/library/custominterp.html,64a11097aa07532321b0d92eec1515747f7dee891b0d147af7bfe74d385f18a9,link_depth1,50,,,
https://docs.python.org/3/library/dataclasses.html,2836dae1aec892b13b461ca0ab419ef8bc33cac824a483d3de935ffaaea3e931,link_depth1,50,,,
https://docs.python.org/3/library/datatypes.html,ba259cd5bad4206d99584f84a374dbacfb688cc84c2f041eb4a2cda1c2e4bccb,link_depth1,50,,,
https://docs.python.org/3/library/datetime.html,30088197847a8386a4f8f9e3b329124e3dc2f03f45cf643dfb2ba4a3e29c5158,link_depth1,50,,,
https://docs.python.org/3/library/dbm.html,a1817184bfbcf8f97252ce1a53ae6022a4a04e5ab021b410ba04a787bfbc6b05,link_depth1,50,,,
https://docs.python.org/3/library/debug.html,f2468a28a3c996513e39f5bf2d511133df0f66097824c48f574abbb7cd81c067,link_depth1,50,,,
https://docs.python.org/3/library/decimal.html,2d6abe7b467d92cc475b47de63a31d8666f953f1f74f10f6d8692cebb672bc9a,link_depth1,50,,,
https://docs.python.org/3/library/development.html,bcc5433b5319ee1e13e9f5a6bf3447c6e18df2b79cf39c3819bd813c3114650b,link_depth1,50,,,
https://docs.python.org/3/library/devmode.html,72a95f70faa7799097b9cfa7249ce6b6f5706e6ffb8ab5c6d63ece20a9beb1f7,link_depth1,50,,,
https://docs.python.org/3/library/dialog.html,0a771ea5478caf5b250efd76eb0536438be064498934c800e9356583ad543223,link_depth1,50,,,
https://docs.python.org/3/library/difflib.html,b041ceae9810f7c33e1d1f15530b1ea8bf3633aebf5022664247a43dad4d420d,link_depth1,50,,,
https://docs.python.org/3/library/dis.html,0a66d940886bb33d39e2924ef004767766701d237b7c25c41e8d68325810a976,link_depth1,50,,,
https://docs.python.org/3/library/distribution.html,3ccffbecf0b7ec509bd8a520015559b6216a1c28530dbcd725003f8911fc37cd,link_depth1,50,,,
https://docs.python.org/3/library/distutils.html,5c485d8885fb141664966fcd44c08490cc8880ea0078b4eb5433a142df8c4cf7,link_depth1,50,,,
https://docs.python.org/3/library/doctest.html,152e237d233c2a816b0c42b2399bc2ad568a2ecd43c7d4abc4d1d727278500a4,link_depth1,50,,,
https://docs.python.org/3/library/email.charset.html,ae2f5793bfcc2a8ecc02ae72db04f44ac38e9eca07c58edb26c891c5477844b3,link_depth1,50,,,
https://docs.python.org/3/library/email.compat32-message.html,5b034bfe7f924eb31f6e64e1b2f4c8aa4920b655314539ef5a5d21c18d551c87,link_depth1,50,,,
https://docs.python.org/3/library/email.contentmanager.html,97ea1c6d88812f3451907fac7b218ac87cab9ced3598212de36a84c5d2b1ac91,link_depth1,50,,,
https://docs.python.org/3/library/email.encoders.html,d41b2c15e08d384d6e003f3afe3e55ed31d9ff7884b6f892cfcb4af906db72f0,link_depth1,50,,,
https://docs.python.org/3/library/email.errors.html,0b05031b7b1f73682a3550762b64ba3b4d3f4b680edd097bf0c1cdd1547a28c0,link_depth1,50,,,
https://docs.python.org/3/library/email.examples.html,d0d2d6a59c3140bbb9ddb23bdaa381ef2d138d040e693e3765bf1b7b0c5edb1a,link_depth1,50,,,
https://docs.python.org/3/library/email.generator.html,d586d16b59140864753fba7988083d5739711ba81a1db5f560b25f885d057e4e,link_depth1,50,,,
https://docs.python.org/3/library/email.header.html,47fe02df816f70b717ef4fd39fe0ea4a4f10428839a7dee02e3a6e28c5d590f9,link_depth1,50,,,
https://docs.python.org/3/library/email.headerregistry.html,608f947fadf23989582a317efc1dfe89bf2c6d65047535921050708230fdd18b,link_depth1,50,,,
https://docs.python.org/3/library/email.html,9d2d992f64f46419e8267bc87c35de29caee4c8fc8f7a98d89fa9e92dd52a3be,link_depth1,50,,,
https://docs.python.org/3/library/email.iterators.html,07e619f5c98fffa009042a3560888c563e826ea48cd2ce06c6619533c2b0f52d,link_depth1,50,,,
https://docs.python.org/3/library/email.message.html,b11190d2d29473654fb44b5e2d4f27982db0a6396c74f428dc6d72fe293692b0,link_depth1,50,,,
https://docs.python.org/3/library/email.mime.html,02178b983db1c7e3296a4c4250c16e6893b6b956928413f5dd043510ce465f54,link_depth1,50,,,
https://docs.python.org/3/library/email.parser.html,51683eb32c41c855c55ef09af936c263aabdb408f0585bc78d2c9958b74dc9a1,link_depth1,50,,,
https://docs.python.org/3/library/email.policy.html,b627e1543d123986e486afca44efe38e2a414426af5719e267c4a2e891aed1f6,link_depth1,50,,,
https://docs.python.org/3/library/email.utils.html,eeecad1ae30255c074f56159cb75396cb94b9a9b7cad38a4848e394538f86381,link_depth1,50,,,
https://docs.python.org/3/library/ensurepip.html,4a7d320c618c38374c8d72de49e07febcf28d2d6df464b758a22d9a6f85c66cd,link_depth1,50,,,
https://docs.python.org/3/library/enum.html,b4fa5b5445f117e42f901464ee662311093941e8880f7a51ab69a4f685018ce4,link_depth1,50,,,
https://docs.python.org/3/library/errno.html,83bdb315df3b4382cae830fd2af9a3353fc45fa75bd5c38ad837fc7719f222e8,link_depth1,50,,,
https://docs.python.org/3/library/exceptions.html,874b19884f7c546b6af37e9cedaa596f030384b93f42669a7168635db14977a8,link_depth1,50,,,
https://docs.python.org/3/library/faulthandler.html,5c72fa2635dbbeb5a97100ee0836470ed88c6b6603c79294041f10c4844db250,link_depth1,50,,,
https://docs.python.org/3/library/fcntl.html,daa345ba503d7df0ed51a8bd0ee3dcedccd62db634d1b5ae2a0d5c8274570656,link_depth1,50,,,
https://docs.python.org/3/library/filecmp.html,78408fbb47a0019c0e17c43db6d6f21ed336209649e2991607e6de3cda78c2b1,link_depth1,50,,,
https://docs.python.org/3/library/fileformats.html,088c9168ee7b91f396923b8d1bfa383de64a577278fec35b2d5c3cc58eba491f,link_depth1,50,,,
https://docs.python.org/3/library/fileinput.html,8b5579cd0e84615be0d480166d59397273b789a031bf484ecc120abb0833b3d5,link_depth1,50,,,
https://docs.python.org/3/library/filesys.html,2b9bff98dccfea22945bb2bbf7e96910d3ef8de46dfbdd5a31c508c103dd707b,link_depth1,50,,,
https://docs.python.org/3/library/fnmatch.html,8c85e35b8055fe0c038f5c974d17bb73f6afc49485284d741180c0587d23556a,link_depth1,50,,,
https://docs.python.org/3/library/fractions.html,4a5310b078fdafc37a72693fa0ec7bc5d64fdca74e8ebdb3a51c6b4d596e1b79,link_depth1,50,,,
https://docs.python.org/3/library/ftplib.html,2198903da0e2733a1201d9f3991802475eb955cbcba00699c6c919e009173320,link_depth1,50,,,
https://docs.python.org/3/library/functional.html,a2df38bc118f938938f21405631f500e51cce97fb2d9563c9bd3b63bd12cbbb3,link_depth1,50,,,
https://docs.python.org/3/library/functions.html,e0fee0d4dd753bc67f1f1949138346f8b96c17c4562f4483dd64a20e7aacf754,link_depth1,50,,,
https://docs.python.org/3/library/functools.html,1cd9df78eedaf8dbe05325d2b238a4b264f87fd5016bb46a00c832d9fee87657,link_depth1,50,,,
https://docs.python.org/3/library/gc.html,2afd55431861ad48888d580f5d3dea13c4925f4276dd4c04bb77a5d5b2fe0502,link_depth1,50,,,
https://docs.python.org/3/library/getopt.html,ed650b30d6395096e6360649f96c0205d7bf20c5b8b08fed5c51422719eec345,link_depth1,50,,,
https://docs.python.org/3/library/getpass.html,b1f86425eb6db9f90966a179398e1bc2dd1a5d1a4097e92b32c7036104aac668,link_depth1,50,,,
https://docs.python.org/3/library/gettext.html,763c3481295e22b541fc4f51b99661c45c73d410bb98dfadc76dad0e230b5562,link_depth1,50,,,
https://docs.python.org/3/library/glob.html,4ad45192965862e69a84be6741ed0ca169e7de22ea05523a0599c9c5f80859e8,link_depth1,50,,,
https://docs.python.org/3/library/graphlib.html,2d2db348b3aa3f6472a886e701f06fd4b574129bb34567bdc641918502f416cd,link_depth1,50,,,
https://docs.python.org/3/library/grp.html,261251c92650430c2dced4bc492e9a2f433baa104499cde75d47d0f9184d9e10,link_depth1,50,,,
https://docs.python.org/3/library/gzip.html,12a5fc0e9db8dacb3ec39e5da2e84dd33aa247508bbe3e986f4668ee90aebcd3,link_depth1,50,,,
https://docs.python.org/3/library/hashlib.html,4a693406363562a59606dc37389193c505be2ec611d415bda9f2767fb234e818,link_depth1,50,,,
https://docs.python.org/3/library/heapq.html,1ff5ca3b740dd6efea6d39ee408129ac5d1784e2873743cdfe971eea3667db2f,link_depth1,50,,,
https://docs.python.org/3/library/hmac.html,7a54556e5dacaea3dbe3312a94d724ecbc91bb50e65b72d02f4268cad2bb99d2,link_depth1,50,,,
https://docs.python.org/3/library/html.entities.html,eaba1ad8f7a358be8f3c6d3d94bdd35e9c00c89aa68235298d32ca72b97bd0dd,link_depth1,50,,,
https://docs.python.org/3/library/html.html,b12eea21dab0ee8a3818389a73eb6d3965d9ece521be8f5c8cc93212e4b932b9,link_depth1,50,,,
https://docs.python.org/3/library/html.parser.html,81ab9c35ccf04732d781c7dca84c41eac4153b00367e02c9a8d479ed2bff366f,link_depth1,50,,,
https://docs.python.org/3/library/http.client.html,7b2937d92cce387b32426341ed12124b4b1d6d7fb347bb4302bca62768a79d8a,link_depth1,50,,,
https://docs.python.org/3/library/http.cookiejar.html,b3514341885040013d77bae5eff629b6b42bf58b2ad1f836e5df3d711abeb20e,link_depth1,50,,,
https://docs.python.org/3/library/http.cookies.html,c3358fdec40f808e465b7b71730036e5e700cc358cce7eccb121ce12c86408b8,link_depth1,50,,,
https://docs.python.org/3/library/http.html,d5183dd219e0a73b037a2387db5b09ae9b05434994d4960ca268eacb211c287d,link_depth1,50,,,
https://docs.python.org/3/library/http.server.html,8fae9440670993da657f5abfe6277daf96bd120cd0cee98097d14e22aad94232,link_depth1,50,,,
https://docs.python.org/3/library/i18n.html,ec8ba1d033a08a33c74abdbaceb76789454158fdf47b5dd902bbfbd168f311d6,link_depth1,50,,,
https://docs.python.org/3/library/idle.html,ddca4bfb38434d12323a6cacc15bcc40f6bf5c612de30bfbf644ed1e27fac7b2,link_depth1,50,,,
https://docs.python.org/3/library/imaplib.html,e42a26a37ae021d4bfe414142eb2e3b984cae612623736454759605fc078cd9d,link_depth1,50,,,
https://docs.python.org/3/library/imghdr.html,49eb65bcf34b16b20459836d53eedfa650b9e6d1866d7e75078de0e2b2788998,link_depth1,50,,,
https://docs.python.org/3/library/imp.html,4922ca1fe5ebe127d3e3fcc6f1e94a7a2a1c9c08bd203f852d81c1b32c768080,link_depth1,50,,,
https://docs.python.org/3/library/importlib.html,852ded3e9b7ecf647bf022d96a51bc2962d98ff65fb24a4d9542247f2b12e54f,link_depth1,50,,,
https://docs.python.org/3/library/importlib.metadata.html,ff452aebb035072d78c668472494379a3b8e94087e67cb410898f1e5a53f4fc4,link_depth1,50,,,
https://docs.python.org/3/library/importlib.resources.abc.html,dc874bf12891f470f8367d996546585a6f93cee9eeb0867737cb20d482fdf398,link_depth1,50,,,
https://docs.python.org/3/library/importlib.resources.html,247aee94118b906e8b80e62bb1ef9d754a79dc8615bf59223b87aa34878ede13,link_depth1,50,,,
https://docs.python.org/3/library/inspect.html,13c73d460941ec0d6d0fdf3c38e61ebcb8f4699f8746fbe796be8c4e8b2e85ca,link_depth1,50,,,
https://docs.python.org/3/library/internet.html,cd324f8251178f3b55b6991566cfaeb94d7b20ff1f8bce848bdaba7a32d875d1,link_depth1,50,,,
https://docs.python.org/3/library/intro.html,b3563c1e3be0ab86a9117624d874d116b542b7c451f1c4247e7dd024aa9bc879,link_depth1,50,,,
https://docs.python.org/3/library/io.html,dbdafd7fbbad404e2ad902f1c86f132ee829a82966f75e998b33d4472a329b25,link_depth1,50,,,
https://docs.python.org/3/library/ipaddress.html,9940b01949242778cc7ff65c816996bde13f797d1c7f2beb327829a0d0e2f0e2,link_depth1,50,,,
https://docs.python.org/3/library/ipc.html,6f951efc4e6a64c2a3b291c2a6e34288834b4c6c292a1de44120763843a420fb,link_depth1,50,,,
https://docs.python.org/3/library/itertools.html,4a9248d3444ebce99752a9cafdb0151a5541f7e703bfbcd74abd6c54e63b56d7,link_depth1,50,,,
https://docs.python.org/3/library/json.html,c9c50a504fb81ab27af5a4d00ed9eb3272b09fa503864028a9b134a75218ea8e,link_depth1,50,,,
https://docs.python.org/3/library/keyword.html,8058438d911d7f8e79bbdad27bd9b09aa2f6f44736e0cabc7ac2639ef8ad9629,link_depth1,50,,,
https://docs.python.org/3/library/language.html,8ab5f6e89e15dd09df8b4e931215673f3c1fa9c3d32f3ac204c90867966806e5,link_depth1,50,,,
https://docs.python.org/3/library/linecache.html,f65d2c758a60aa08bd48aed19a534c4d14d47adda15570ae8b3e403223d6e6ad,link_depth1,50,,,
https://docs.python.org/3/library/locale.html,5489c3f7e10493931be5a9fc045b6cd1ac58e4757d4d507ea9160014deea6d17,link_depth1,50,,,
https://docs.python.org/3/library/logging.config.html,fca5b00e52f6eb4ff07404929baa84dc19cca697a53926adb80dea46a0999e39,link_depth1,50,,,
https://docs.python.org/3/library/logging.handlers.html,41e6f1c21a75f15ed07cc15e6015f0e7e8aaa34afbff7cc5ef57add17ccbaecc,link_depth1,50,,,
https://docs.python.org/3/library/logging.html,025d6e6b85b36b7304f27b2fe246e2f5283b3215219dcdb2ff6165e373755081,link_depth1,50,,,
https://docs.python.org/3/library/lzma.html,266ffa0edbd39845401ed489da5c94e3d06e39b36ea4a96296681af7c7a34d38,link_depth1,50,,,
https://docs.python.org/3/library/mailbox.html,969eeef3a01e9dcfb7ca38fb18cf4bfaf7a5b7c3d21ed72df14b471ac74e2900,link_depth1,50,,,
https://docs.python.org/3/library/mailcap.html,3ed9d01bbe349b952b2e5621a3e1b891744cbc0667d8578c10a195bdb0dd2dae,link_depth1,50,,,
https://docs.python.org/3/library/markup.html,2eb9404a235caefa4a5f8b9a1683629beb68ccefdffc2ea9b0943c2e16ffdf29,link_depth1,50,,,
https://docs.python.org/3/library/marshal.html,2f9bf5fbecd633d488955d518007183d7f0932b352154dd3b978c6e6e99c2ac1,link_depth1,50,,,
https://docs.python.org/3/library/math.html,ccfb7324c2e8da102cfeab97a5bc31a182dbdc4a2cb8099b58ceccbdc7abf97e,link_depth1,50,,,
https://docs.python.org/3/library/mimetypes.html,b414dde80b010ef0115140c9546ce79b8e53b5d599d517c8a68465993f2b4077,link_depth1,50,,,
https://docs.python.org/3/library/mm.html,e1095aa222d8b730ab51d10f7fa425bd836a9075d5750ae7c806ccf6978184ce,link_depth1,50,,,
https://docs.python.org/3/library/mmap.html,ec1bdbed219177fc4b809214eb1f42cc7d425dde2c0ba5e82f9361f18b7edb44,link_depth1,50,,,
https://docs.python.org/3/library/modulefinder.html,232778110fbd1315d1f4e30a1770ce5daf161044f8c458e8dd7c0f718cde8308,link_depth1,50,,,
https://docs.python.org/3/library/modules.html,4246d5267f480159de67107a36e1e4c872d792a929f63cef816b973aa37e83f5,link_depth1,50,,,
https://docs.python.org/3/library/msilib.html,5ac66f1307466836fd60acc763541dff42a2b278cbc3e9c833f6feb556074384,link_depth1,50,,,
https://docs.python.org/3/library/msvcrt.html,be3e734a14c4030c6d86c152e66b60cb0b655e4b6df2a9ca2c2e58d4a85d3ed2,link_depth1,50,,,
https://docs.python.org/3/library/multiprocessing.html,98aeb027e42688cc250ebff50e84e649f5eabde0bef1d231cc14da3b4176ff74,link_depth1,50,,,
https://docs.python.org/3/library/multiprocessing.shared_memory.html,ade1e1cca8a853e2de18c1b4024b875ed91f828bd5f4eee8573aa756f9c750ee,link_depth1,50,,,
https://docs.python.org/3/library/netdata.html,29f8c5b1f429732c13d99ac4483d8c3ed30f67f5c9ba19077e5e6de53c649229,link_depth1,50,,,
https://docs.python.org/3/library/netrc.html,763387118c35f0a8fdadd4aae74ae91a606b0023ac01fb536d736bb9a420f9a3,link_depth1,50,,,
https://docs.python.org/3/library/nis.html,c2463788488e4efb70b6a923906694e8cf6c07c6413b990cbd27622a4e1bec3f,link_depth1,50,,,
https://docs.python.org/3/library/nntplib.html,664b0135eef580f64192057a881a5f4e0d8e3aa8f49f549ef11be6ae5ab76de2,link_depth1,50,,,
https://docs.python.org/3/library/numbers.html,c79db58a9103fd8a18d7654b93a5ff84734557126fd23e40bc8e4dc57d26aaf8,link_depth1,50,,,
https://docs.python.org/3/library/numeric.html,23be2b6351b04aff558ec3a0da1cf3d9919818d8c456726b9b5ddd1351755530,link_depth1,50,,,
https://docs.python.org/3/library/operator.html,b7b569fcf766c092aa7a737a0e2e824a27587e9fa6c9227f96ec301c8b2dd9ae,link_depth1,50,,,
https://docs.python.org/3/library/optparse.html,f59a69961850f0a71be7ea8f791c8609cb9f744b3dad4423588ffa3e443f3ecc,link_depth1,50,,,
https://docs.python.org/3/library/os.html,e86233c0ce698d7e8722b37913da4b2a2d021d8c5487f5c58f2f406f33e46e35,link_depth1,50,,,
https://docs.python.org/3/library/os.path.html,907cc61fa0b9484d710df803e8c287c6e41de10377ca4a0ff2087d0a3797e35e,link_depth1,50,,,
https://docs.python.org/3/library/ossaudiodev.html,5858a6744886adb81c5a63be223977a832826406fd0cde28675225ce695042f1,link_depth1,50,,,
https://docs.python.org/3/library/pathlib.html,e66b1645818199a80234be2a027d722ed3cf6590c57dbe6bd98141abe1e64247,link_depth1,50,,,
https://docs.python.org/3/library/pdb.html,3898ba2853f8a574e7aceaa55f8e89a5f7cd8efb27f70913dccb53b2bfa86ccd,link_depth1,50,,,
https://docs.python.org/3/library/persistence.html,d0458e23e0f132cc06a5e23343c94497361311362f70b9b219c51ae4e1d8d7e0,link_depth1,50,,,
https://docs.python.org/3/library/pickle.html,f2bc33b819323233611aae1d3446dc2d884fde86b044c5fe48d397687ad469a4,link_depth1,50,,,
https://docs.python.org/3/library/pickletools.html,efd663cab379fcbb178b8dd815d48763efc47cc1beb21ad34274292fd7428ac8,link_depth1,50,,,
https://docs.python.org/3/library/pipes.html,88089ce9eac091ce76ddd77f307fcd6c6481ff3a4b5e35e4b506d1e34e485adc,link_depth1,50,,,
https://docs.python.org/3/library/pkgutil.html,4761f0f180ecdd88a9443b86c02abbccac4ed637d830a79ce302b968b68a2fe4,link_depth1,50,,,
https://docs.python.org/3/library/platform.html,8418a7a3e82f16c545de9ed4fb2e6095add5f4f3ca7dbf42963e0d9882b893a7,link_depth1,50,,,
https://docs.python.org/3/library/plistlib.html,83bb3ee72048d88dc6e863df895a4326c67759a2e6fdd5f085d1688cb6d9620e,link_depth1,50,,,
https://docs.python.org/3/library/poplib.html,5e26e8f8104a3b2aa3c92a1768f0225e3578d59eb6f2f69162b913417448c61f,link_depth1,50,,,
https://docs.python.org/3/library/posix.html,bf89379c3755dcf8ad0712af1e0f235ffee47fc812f37f28a00a29198504ca6f,link_depth1,50,,,
https://docs.python.org/3/library/pprint.html,cfd107b1d847a3e5a793c1ca1e4502a373c2ee2f9ad6d676b876fa386ced8dd2,link_depth1,50,,,
https://docs.python.org/3/library/profile.html,459931a5bf9d2b5ab070d1f23cac7fd0ba42e2449d78c031fc944f11119f8bfc,link_depth1,50,,,
https://docs.python.org/3/library/pty.html,710930ae3282bb14287235a9b67e08417b37d6935a08713c23b476d07e6a7033,link_depth1,50,,,
https://docs.python.org/3/library/pwd.html,88db560fc247c56d4690a8464bcea3064d2d28b5d0142e743b633620f54bd1b0,link_depth1,50,,,
https://docs.python.org/3/library/py_compile.html,bdd4a34a5f71265af5e5cff4b28a34aa84d1738f2c48515e2e203eaee540df30,link_depth1,50,,,
https://docs.python.org/3/library/pyclbr.html,34349c41804f8911583940fee03ff98ead18303648cef5ad85c7b6689a06e8cf,link_depth1,50,,,
https://docs.python.org/3/library/pydoc.html,5d0d9f0e6f19e24e2c951c747e710ecfbbc7c8225337ef9b6f4e3a0e3db9795d,link_depth1,50,,,
https://docs.python.org/3/library/pyexpat.html,59db1a57989f2b6442a570b4e6cd88ce775ae9362c79932788b4a9374545c6d0,link_depth1,50,,,
https://docs.python.org/3/library/python.html,95580cb011259caebca10a60946db0050e0ad990d306c80562c49dac1911671f,link_depth1,50,,,
https://docs.python.org/3/library/queue.html,34ea5057ea2673a6a38bd1cad16bb4739f12dcb73d30b4f28c9cace54d765dcc,link_depth1,50,,,
https://docs.python.org/3/library/quopri.html,992e22bc7b97bd2096743510de2341777056d9fc4213eaec0439328cdd5ccaf7,link_depth1,50,,,
https://docs.python.org/3/library/random.html,0f728645df8fa991f9cbeff7a585c062c8a6a4d1f83ea6248514508cc255a555,link_depth1,50,,,
https://docs.python.org/3/library/re.html,02d619bbec9f28cbe9e25245804d34c76151161728003e0df3559e24382960c2,link_depth1,50,,,
https://docs.python.org/3/library/readline.html,0c2cb825f7efb1b88e942ef9bc9966c7a368abdaf781f5a1235af64a89834593,link_depth1,50,,,
https://docs.python.org/3/library/removed.html,87d58cd61d21507d0da98481e1de277771d55cffc908f8373c0086e344996028,link_depth1,50,,,
https://docs.python.org/3/library/reprlib.html,cae8b6ba72ded78db7bb713c34606c6ef4026b5dc02b8f9db0c11642927547e2,link_depth1,50,,,
https://docs.python.org/3/library/resource.html,d501f1af4c4669256e7fa47cdbb887e82d55996aa459aafb2fa0e34c7290253c,link_depth1,50,,,
https://docs.python.org/3/library/rlcompleter.html,0135cded8e6106f8b7c9a176196f0ac9c98997ff29b39b062983803f2c9640d0,link_depth1,50,,,
https://docs.python.org/3/library/runpy.html,1c93d5b904207179289a592a3de5789a4902fb36d7a9956db6109143f2299a54,link_depth1,50,,,
https://docs.python.org/3/library/sched.html,9fcff32f37e265786d042ff62f453724476b6cf6db00015b9f45dc3163370fce,link_depth1,50,,,
https://docs.python.org/3/library/secrets.html,1e9766a6c207dc1cda532442bfdda375bdc376959030300cdaffa71b79f15aa0,link_depth1,50,,,
https://docs.python.org/3/library/security_warnings.html,66e7549e15d8403244215577c0913df0d00f7f8e8628a86a189b7d686f74b470,link_depth1,50,,,
https://docs.python.org/3/library/select.html,0a59555675738e7c1e35a70fff0fe98108673fe5974818d5b653ce5622ad11f1,link_depth1,50,,,
https://docs.python.org/3/library/selectors.html,75fe118c140dd21a34127ce31db8246cc7cc615880a7297ea1c5a8f7b021ae7d,link_depth1,50,,,
https://docs.python.org/3/library/shelve.html,cdcf06003d3a124b7a46776384c39ac9cc83e0d769d107b65d8a6ffa9a8231c9,link_depth1,50,,,
https://docs.python.org/3/library/shlex.html,821597250b54569246ae60d3c4b4261de2328331dc243276ad73b716f524aa8e,link_depth1,50,,,
https://docs.python.org/3/library/shutil.html,4dabd212aba6ada7b53324430afd14797fd944a042b9a9b90702a8ebbd109f7b,link_depth1,50,,,
https://docs.python.org/3/library/signal.html,8c7e699a7d4cfe5121574387e804540fb6b58eedc930cd125a6437dc01cc732d,link_depth1,50,,,
https://docs.python.org/3/library/site.html,dda87b67131b9ff2f8de4ae83b7da756880aa93ff319eb9f6fe231b19dbfdb73,link_depth1,50,,,
https://docs.python.org/3/library/smtpd.html,c5c80fb0160e51899801a75a586a84633e918825bb2af0a48f3bb2481a16e2a8,link_depth1,50,,,
https://docs.python.org/3/library/smtplib.html,72df703498b033f228891ff970c9c2e7ff5ec07a1281b200a4226bd9c6a560f3,link_depth1,50,,,
https://docs.python.org/3/library/sndhdr.html,044d0a64671e62ca5978a0da2ad331408f4cac65aa9613f4fed1128faa412fbc,link_depth1,50,,,
https://docs.python.org/3/library/socket.html,4624a6bd21904eb6db130644d1ac942990deb4865ac7bc582bc8fedc29ec8ad1,link_depth1,50,,,
https://docs.python.org/3/library/socketserver.html,a2751a32340ba2d4636ac8b57a584751fa4f3d86c132df519141bb5c8d8ea449,link_depth1,50,,,
https://docs.python.org/3/library/spwd.html,a2f1b4658059a469aef25a32abb8557b6a97b2573a13b3a58671aa522345df90,link_depth1,50,,,
https://docs.python.org/3/library/sqlite3.html,d14c7d1a0f827bdc49fc8c1b2e47c6d1f398a1ef529aaf6c7a286b86d2fc9f47,link_depth1,50,,,
https://docs.python.org/3/library/ssl.html,43e94802806edf4b8393cbee91a7b5be74ac04201f4fae8b1614770e1e4aadab,link_depth1,50,,,
https://docs.python.org/3/library/stat.html,edcc6456dcc593a12d71e3963eb45bcc126339de7ae1b9e524382e67630ab9a4,link_depth1,50,,,
https://docs.python.org/3/library/statistics.html,19fe5e6d42e336d43bf03fe3af3a1573aecaff3ebd0dd5598dd5140e0b805b00,link_depth1,50,,,
https://docs.python.org/3/library/stdtypes.html,5e0bc1d749a43badc0bd7e4fdd7a93aa3dfb27a139d5858cb3553715e1109b09,link_depth1,50,,,
https://docs.python.org/3/library/string.html,9e9b5b390665942825e48f64bb0535e0d701a598d551f4ecf5544d2c96f3cb5f,link_depth1,50,,,
https://docs.python.org/3/library/string.templatelib.html,465b2467722a2629ba59147e6c7eae2c71497f6d9714f0b937bb1ed0be83a5c3,link_depth1,50,,,
https://docs.python.org/3/library/stringprep.html,6e956d617542c6f45de11a27b463844eccc8aa5397e5cf4d7e75c1c46c0ff8cc,link_depth1,50,,,
https://docs.python.org/3/library/struct.html,1693073813f8f526bdc4086fc70579387f78cbd15a6b7920788bcdebaafaec1a,link_depth1,50,,,
https://docs.python.org/3/library/subprocess.html,a07523fce410f697fab5bd51a861766e8f6a979ed8c86649092575f50e26b34e,link_depth1,50,,,
https://docs.python.org/3/library/sunau.html,eef842a9c93cf1f41a88593b3db0b942ffded67d37aeb56675ba9049f76234c5,link_depth1,50,,,
https://docs.python.org/3/library/superseded.html,985ae40d96a7bf06a07af2eaeb654c174263f3cb19b20d2b18f0698618f5f95e,link_depth1,50,,,
https://docs.python.org/3/library/symtable.html,41a3db2f14b7e9a67c25c5e9108845a0cbc05b399d15cf926a91f0fd84487f70,link_depth1,50,,,
https://docs.python.org/3/library/sys.html,3e236348e415fb6f6702dd0928b8481dc4104ddd46884da8ffc942c91713af50,link_depth1,50,,,
https://docs.python.org/3/library/sys.monitoring.html,8162868f5f897e375cf0a3fbe9c7a2edf4d3208a07b0a2720a95b60ac56a0615,link_depth1,50,,,
https://docs.python.org/3/library/sys_path_init.html,05cd76a99c91779f8a5d6d362178d48031de950522a61a904a5cceddd8974fb4,link_depth1,50,,,
https://docs.python.org/3/library/sysconfig.html,82645e3606b02922bbd40aa222593c7416d3a753e3090e93f120a30deb1db2de,link_depth1,50,,,
https://docs.python.org/3/library/syslog.html,9dc6feae23770eb7d2fa8dc4215ad8f15b2720459d7d8c1a814b22e2e85da97a,link_depth1,50,,,
https://docs.python.org/3/library/tabnanny.html,d6936b24f68e0a1a303408c3a3a35fcb40cc00da75c70a9b918747c5cf384185,link_depth1,50,,,
https://docs.python.org/3/library/tarfile.html,47076c993adcec719d60a055853f7affcea07ce85ccdb46c545912a8a4788762,link_depth1,50,,,
https://docs.python.org/3/library/telnetlib.html,ef2050cf54b1abb6d569ff86f705106637405d16a3e3592ba8a06f3b0a4cf3b3,link_depth1,50,,,
https://docs.python.org/3/library/tempfile.html,702e523e3759b0657118746a0a269a630c18aca43231f8506ed3a14efdb8cd5b,link_depth1,50,,,
https://docs.python.org/3/library/termios.html,73a5244848c3654753810b84d6e0a1e21860ef4c8d3f052202a8613552573ddf,link_depth1,50,,,
https://docs.python.org/3/library/test.html,dddc96397dde370560bb719eab8fd137f7d3d4090b176f8ff87516c51cd6f898,link_depth1,50,,,
https://docs.python.org/3/library/text.html,f5649ff392f50ec3a6dca3e13bc62ba4f9b9125e7f2fd2afe6e93c3d2ad15540,link_depth1,50,,,
https://docs.python.org/3/library/textwrap.html,dfb18dd8570a9a2c46c1d73c12a89494e31c4829ffe8366b5a6497d4a86c4eae,link_depth1,50,,,
https://docs.python.org/3/library/threading.html,d12fb59d225a8b492cff7f1d1d9db93107c77ce849f4450143624e8cd4b6d96a,link_depth1,50,,,
https://docs.python.org/3/library/threadsafety.html,185db8ec2304d3d90a311b667c656b4457b42119e25eacd5bf6ea7643e78789c,link_depth1,50,,,
https://docs.python.org/3/library/time.html,90883e5424d7878182916b065b40793d6e4579a5068fd82a88546ed35dc3ef44,link_depth1,50,,,
https://docs.python.org/3/library/timeit.html,38d423222fafde42ca5a6c0ae0f7cdb175ed35a2ba28183058c3e4619663816d,link_depth1,50,,,
https://docs.python.org/3/library/tk.html,c9c88f5b6671282f76257fd8bf7a3b9c0ef6054d9e4d64cd4255141a76b20134,link_depth1,50,,,
https://docs.python.org/3/library/tkinter.colorchooser.html,459068690220cc59b257bec38f8e21e3a7ba8831c44323913ec61c8fd7b23f01,link_depth1,50,,,
https://docs.python.org/3/library/tkinter.dnd.html,99bee88dbb321cea7682c01e8c1c83dc5809f4eac22bc9a5b3dbf07fcf8619c7,link_depth1,50,,,
https://docs.python.org/3/library/tkinter.font.html,cee1b41f47f1308420fb21289861090afb519d622612da72ff4e4b15c46b9073,link_depth1,50,,,
https://docs.python.org/3/library/tkinter.html,c06c6cd966928b44f3438d36b85614632712fe4e2ed6adfbaae6cf259cd4b1d4,link_depth1,50,,,
https://docs.python.org/3/library/tkinter.messagebox.html,260bd4937b4b6aad10e057348bca659d0ced0b3b9d30e052d1e50f72c7dced2a,link_depth1,50,,,
https://docs.python.org/3/library/tkinter.scrolledtext.html,4496f437b0fb25bf292c7937c0e882d4737bf655060016d9ef7e4c27704010f2,link_depth1,50,,,
https://docs.python.org/3/library/tkinter.ttk.html,7ebafddcdc888af2625d013116cc576573c83a83b8325b0a13b43975ea25b43a,link_depth1,50,,,
https://docs.python.org/3/library/token.html,c0aff76dc070d66785e10751bd23a6f61016d549817005366a46815da35d7c96,link_depth1,50,,,
https://docs.python.org/3/library/tokenize.html,b966a1caca2867f85fa4c4df82bf17cbb79e46fcaf3374f8643ac8a36d472f00,link_depth1,50,,,
https://docs.python.org/3/library/tomllib.html,00f2bfaffea9c71bba8c8f87cf2dcf8d3fa509f09678acd9984edbeb61105bf1,link_depth1,50,,,
https://docs.python.org/3/library/trace.html,e987e0bc07b32bfb78c31fd8705eedb5e2f4b2b378b2d69c5b7362e8ae59c3d8,link_depth1,50,,,
https://docs.python.org/3/library/traceback.html,d292b8a28bda0a9a349a674b14ca6e52d008809fe2a3b1d79d00acd1c622a9d4,link_depth1,50,,,
https://docs.python.org/3/library/tracemalloc.html,04bc65d97eda391aa28f873a4482d302ca6d8d69c5bb252c27ad801d04785ec1,link_depth1,50,,,
https://docs.python.org/3/library/tty.html,e2caf6f6c23f40c2f3d12db7147fcb6e076eefad1b49dfb52afa17692ee32c76,link_depth1,50,,,
https://docs.python.org/3/library/turtle.html,06b1b0d2b179798bd59edc40f70013f1ec72f82e9a41c19ddfde5ceea1b547ce,link_depth1,50,,,
https://docs.python.org/3/library/types.html,3209cdc174fedc278389aadbb78964d438b605b222e14eef6717a870d3217be2,link_depth1,50,,,
https://docs.python.org/3/library/typing.html,32bb7a7ae00e979ccf19346713e647c1460e67b663a88d7aa4e6b2b39430659a,link_depth1,50,,,
https://docs.python.org/3/library/unicodedata.html,18423a0845864cc24729ef219f5f9d638d3808796dda299a22795594f72bd498,link_depth1,50,,,
https://docs.python.org/3/library/unittest.html,549e6e6ca1a25b5023c2ffab92058124dc6f69f45d98f92f1187e8f98c5ef11d,link_depth1,50,,,
https://docs.python.org/3/library/unittest.mock-examples.html,e402d6c8f23e0fc5718451449b7fde16f4c64b085a8e90a636a1647725787322,link_depth1,50,,,
https://docs.python.org/3/library/unittest.mock.html,d7e7812f6d75e9f46bb0c5ad2aa66045f8d8f8525b4090e6515b25ce992ce709,link_depth1,50,,,
https://docs.python.org/3/library/unix.html,e8db9c7464ea8feccfa4ba06a6a9c1f51379048426b8096d9b00eb4e05c45319,link_depth1,50,,,
https://docs.python.org/3/library/urllib.error.html,39381ce35c7ae67c714cc250ba875265709f1bdb7ea6f6bf939f55d1e0bfa113,link_depth1,50,,,
https://docs.python.org/3/library/urllib.html,11f16c8e0e7f3204ad2b81aae7fca38b85b2906f195b6db986ec0ca37d20d3dc,link_depth1,50,,,
https://docs.python.org/3/library/urllib.parse.html,fc67104fc8b27190e452d6f575b628cc865409e0a6e7b7e4884505ecba6546db,link_depth1,50,,,
https://docs.python.org/3/library/urllib.request.html,88353c11a021aa681bc5968330b9b528b80d31f8243bf5fe23cb26147e6d0c3b,link_depth1,50,,,
https://docs.python.org/3/library/urllib.robotparser.html,6b8e1e37b795f1a4478a10c749945a5ed5cca81661086ea85d59bd94a4e2582c,link_depth1,50,,,
https://docs.python.org/3/library/uu.html,83108545cbfb55ec0be4764bbd514228a049004251f71b9895cf49612d3ab677,link_depth1,50,,,
https://docs.python.org/3/library/uuid.html,9e6508a19209f29de7c6da11010a219782e4247a683ce6616f62a414c10f7092,link_depth1,50,,,
https://docs.python.org/3/library/venv.html,7a1c3a3d07fa0932b3293ce496329c500d2a53150d7a6866eef098590421a55c,link_depth1,50,,,
https://docs.python.org/3/library/warnings.html,c6adde7bf1b576d9793fb56f7d0bb5b55599fde5f541feb21400d06bd318638c,link_depth1,50,,,
https://docs.python.org/3/library/wave.html,dab6c5f39a19cf509b5e586a8857ac00a3aca121ed78b69c1e9225af86b4a99a,link_depth1,50,,,
https://docs.python.org/3/library/weakref.html,356c48ce3476ca64ff269ab27741c2219b12085c5d97045eb3e9ccf09b3ae35a,link_depth1,50,,,
https://docs.python.org/3/library/webbrowser.html,e2613ea4b01557eca3af49e9e8d97c7ff813c3598842df57335044709c53655a,link_depth1,50,,,
https://docs.python.org/3/library/windows.html,8df262449d6b3ad7a106ceb69f6cbe8f5b118a46beff3e22f40a3024f6851d2f,link_depth1,50,,,
https://docs.python.org/3/library/winreg.html,a587241946785b91eb6c44148ac37b7a02158b736c2dafd3f19be06a4b2282ca,link_depth1,50,,,
https://docs.python.org/3/library/winsound.html,09e1fb4d3ac39f8e56341dfa320e7bb1b9c32b2bfd1439c3fb1a90a474a8a445,link_depth1,50,,,
https://docs.python.org/3/library/wsgiref.html,2f27fe023fab6fab5fe59ecabd32dc7d5ead7a325990390ab8f61b14f351dda5,link_depth1,50,,,
https://docs.python.org/3/library/xdrlib.html,caad1c4da0ddf132614a4349068fa35b4f07af67ab67c683d87d8c216cd137a5,link_depth1,50,,,
https://docs.python.org/3/library/xml.dom.html,4ffe840a78adca70e918992698c635958492e89803de1cabc6518a1bc0c268a9,link_depth1,50,,,
https://docs.python.org/3/library/xml.dom.minidom.html,3ef789340b033c21057c38b3bdc9fb999ea93d80db7c629f6d5cca6cad84218f,link_depth1,50,,,
https://docs.python.org/3/library/xml.dom.pulldom.html,8099114bab64f804c8ab7e5397671b5fa8ac67c5f2bbbe86fcb37a3a3ecf4f26,link_depth1,50,,,
https://docs.python.org/3/library/xml.etree.elementtree.html,9f391a05cadd954926873faa7353c901af00bd875243a6200852f7660fc554e5,link_depth1,50,,,
https://docs.python.org/3/library/xml.html,120edc89f7868e6fab10d72304b273e70cd2df4d4a298b6e172a01ac178c6a75,link_depth1,50,,,
https://docs.python.org/3/library/xml.sax.handler.html,e93474533f1a511e9d3f5329438720db17e1d7a9f88e9efc2de833e417fa19b4,link_depth1,50,,,
https://docs.python.org/3/library/xml.sax.html,f03e0b9c0da0afaced4ef0812ae5794cabd940b780f6459b841ee15a569c347e,link_depth1,50,,,
https://docs.python.org/3/library/xml.sax.reader.html,94a04232a290831f3b6f75e8a2cc8976bcf749ba30e380006169d4ceb9f4d487,link_depth1,50,,,
https://docs.python.org/3/library/xml.sax.utils.html,ae59dcdd3d38ac63de07dc0438b48a37a7e7147973319a1cf6e704554407464f,link_depth1,50,,,
https://docs.python.org/3/library/xmlrpc.client.html,4b259aa0c34b849523af2f765210203bfe4cc8b58188a8167a14f58da39bc8b4,link_depth1,50,,,
https://docs.python.org/3/library/xmlrpc.html,84226439553145a84b5be1d7a8aee4c0e975d34ad35474a307191cd3bb9b7663,link_depth1,50,,,
https://docs.python.org/3/library/xmlrpc.server.html,c3507ad51f3c81f0adc01c93dce4caf26daa230f4e860671c1967c541b361903,link_depth1,50,,,
https://docs.python.org/3/library/zipapp.html,df6b08e68cf95f05f1a305a214a05c0a3996519b619bd938646bfba79b18cadb,link_depth1,50,,,
https://docs.python.org/3/library/zipfile.html,37e106d548b354eb81a5b93513b60d12a977b55b3897a8c31b0359801ff4d580,link_depth1,50,,,
https://docs.python.org/3/library/zipimport.html,ca4a7b1f8a5e455b684e755b5abea4cebfd6aea53bd60af722e21e51d3b8f341,link_depth1,50,,,
https://docs.python.org/3/library/zlib.html,1730b89886963a35da2686e8eae5039ae74585c79d2e616fe4346de7b7e75520,link_depth1,50,,,
https://docs.python.org/3/library/zoneinfo.html,a734111ff9a48550aa9d787ff683c89e5c004a47e265d2994480d762b899fdbe,link_depth1,50,,,
https://docs.python.org/3/using/android.html,1e3fdf7a03299da39742c18e5553e42d199c6fe56847819a8e0698f4729c9db3,link_depth1,50,,,
https://docs.python.org/3/using/cmdline.html,c1abe3b0c9de668ea4962082d74907b6666fd76e602263f5da1a1a22f3fe7826,link_depth1,50,,,
https://docs.python.org/3/using/configure.html,1d0bee366f33513b143c82d6b9cd6bb5d961ca74037adcd43f805bb4640f059a,link_depth1,50,,,
https://docs.python.org/3/using/editors.html,1094da53cdf8bc80a49ab4af4bcba258c53775e21be7e443bbdb1c4d7be80cdb,link_depth1,50,,,
https://docs.python.org/3/using/ios.html,ddb0b549e0ff45f9fd44f7160b584ab279b38d017a7e61d276a93a476ee2252c,link_depth1,50,,,
https://docs.python.org/3/using/mac.html,6638a43ce254fa545766c17117039defe00fc841be4809ce0bce735a0472eee4,link_depth1,50,,,
https://docs.python.org/3/using/unix.html,b62afce5805b932f3db4d1347dfb5b4abb5b907ef7a1c4f05ce02b415f5e3f33,link_depth1,50,,,
https://docs.python.org/3/using/windows.html,23f1bc5c5d569836d1b11b4f6a9d12ae12ac872de58d2efec936600f2c1f0088,link_depth1,50,,,
https://docs.python.org/3/whatsnew/2.0.html,608f8f7fd90186114bde358cb53517f74ddec3398beef9fc587f729c4ec579c7,link_depth1,50,,,
https://docs.python.org/3/whatsnew/2.1.html,43a5c55d6fc9365239c63553966265b257cb07aeb9dca176a09c3b514a6dcc3d,link_depth1,50,,,
https://docs.python.org/3/whatsnew/2.2.html,cedf8b88184a67bbf13e5123a58190cf7acf1930ee180743387e893c34ee937c,link_depth1,50,,,
https://docs.python.org/3/whatsnew/2.3.html,86ebdccdc001ba6412499ae839d26e28bfbd4fd5d304c33fad32cbd15934792b,link_depth1,50,,,
https://docs.python.org/3/whatsnew/2.4.html,37c01f0b4d22c004349768e05f0ae6eb44cccac161109449541b3eeadbce5642,link_depth1,50,,,
https://docs.python.org/3/whatsnew/2.5.html,7eac001d8895946543ff6151b2c677782322a1bd703aa15f54d935edc57e6a6d,link_depth1,50,,,
https://docs.python.org/3/whatsnew/2.6.html,fba8a197223c4ac16c0a45657469301c687ca504a9ce504f0c875f5daa17bae4,link_depth1,50,,,
https://docs.python.org/3/whatsnew/2.7.html,8f836051d8ce135275cf05331bd48662d54dbdc229b1a394fa833b4e8fcae94b,link_depth1,50,,,
https://docs.python.org/3/whatsnew/3.0.html,469c2350b68bbdf137ab0e3198b93685aca7a01c4dd8777792f334858cb04ef3,link_depth1,50,,,
https://docs.python.org/3/whatsnew/3.1.html,17213b5b816f798f3861bbb23a239e64edb8e06b0eb9f5f6b3f0c85eed6ba797,link_depth1,50,,,
https://docs.python.org/3/whatsnew/3.10.html,59b2a4e27c6cb5ba72d77e96a6a88c4ed60059a3d41c4569f0ae4cc97ba08d39,link_depth1,50,,,
https://docs.python.org/3/whatsnew/3.11.html,92b1f7451b43e1749551f40518423c9b0629802f90313e7ed536b07450fe0c71,link_depth1,50,,,
https://docs.python.org/3/whatsnew/3.12.html,d05666e0f97687831663556290e95d4eeee7dfcc5515d2536193b7db6359a2e8,link_depth1,50,,,
https://docs.python.org/3/whatsnew/3.13.html,e9820dbd7cc8f8e665e1e15818fd2460e6e7c5463329ad0c087b567b6f2ceb67,link_depth1,50,,,
https://docs.python.org/3/whatsnew/3.2.html,24339abcdd1d4fe61696bfa8c37f8eb6922fa039127bd2bee164999f9dc13ed9,link_depth1,50,,,
https://docs.python.org/3/whatsnew/3.3.html,3dd2e4af2be45d53cd26185af75250721e6d443dadc191dbcdee3067944d3caa,link_depth1,50,,,
https://docs.python.org/3/whatsnew/3.4.html,ae6a3134c35347b4b3d2f80ee63786036affbb58e2eadce15470863bde084faa,link_depth1,50,,,
https://docs.python.org/3/whatsnew/3.5.html,4ba1d1b9e34d1993a4feb49c00f890bf20337acc1f1b6212f261ae725bbfbf72,link_depth1,50,,,
https://docs.python.org/3/whatsnew/3.6.html,c24bc65ffc17f1c64e9a2b0a1aa2d4d6926f5874477d21904a9e24968172c3f2,link_depth1,50,,,
https://docs.python.org/3/whatsnew/3.7.html,a3bacbe5bac85ed1310e27f7de6513d95bdff593320db7c5193e99b432ec89bb,link_depth1,50,,,
https://docs.python.org/3/whatsnew/3.8.html,7683da700b1dd8748c5b60fd45b3b32e84cebb57fe1d42eb55034c512f354fad,link_depth1,50,,,
https://docs.python.org/3/whatsnew/3.9.html,497d1b0c6d21bbf2f4edc4266dbc8ad533f4941ac304a5dfc551eaeabf81d2f0,link_depth1,50,,,
https://docs.python.org/3/whatsnew/changelog.html,987f26bca4e358c78f34d78ad5ee41a0ab441db53bd37e3e8738ebe835237b78,link_depth1,50,,,
https://docs.python.org/3/about.html,6d7ac8df8465ae510468b45491eb583ade6fdfd3c15afa01d4be50a73916772b,homepage_link,40,,,
https://docs.python.org/3/bugs.html,9bdc5f3d89f60126a7a3cb45cdd1a468b4b63b5eb977778c297ca76dba30a2e9,homepage_link,40,,,
https://docs.python.org/3/c-api/index.html,9e40c8cd06cce462546a81e336aa3ed412b22964a33c01c05f27f95b31bf7818,homepage_link,40,,,
https://docs.python.org/3/contents.html,1a4a6d9342e777ec7d308dc9b92dcab5a1caf90c63ab22216c0136ea5300b28d,homepage_link,40,,,
https://docs.python.org/3/copyright.html,4f6d54d9aacb3e8c36d811e1ec560821c95bece794a2d21442c460913cee03f7,homepage_link,40,,,
https://docs.python.org/3/deprecations/index.html,347f026166a50c5ba15dbb64b479263e2e64abba34d64c869180bc34088b8e8d,homepage_link,40,,,
https://docs.python.org/3/download.html,7bfbe000f366cd11b6b46c19da238e1ea1d809ea433cc198934024599fbb015a,homepage_link,40,,,
https://docs.python.org/3/extending/index.html,b274218217e0488f1da2f10013e833f90038d2d7b92d4404f12c6e048334b0ab,homepage_link,40,,,
https://docs.python.org/3/faq/index.html,cf48967c8917dc5a6f49f494209d9b26a3e55217e1e363763ba21fae5f53e1ef,homepage_link,40,,,
https://docs.python.org/3/genindex.html,511413e01bdebfbdbca78f5499b47f91e99b8859410f7eba9043d96bdc928aef,homepage_link,40,,,
https://docs.python.org/3/glossary.html,b7d43d26c4ffff230d03c78d43fa06383432e95cb42b348b366de27a8b8b3483,homepage_link,40,,,
https://docs.python.org/3/howto/index.html,b4f15fa6bdf25cabb574cb03171fbec39210d85a0f87d228d389c3022cb241b4,homepage_link,40,,,
https://docs.python.org/3/installing/index.html,482f8eb06348a83a615652a77978c74700b7fdda5355cd792b267ce770269553,homepage_link,40,,,
https://docs.python.org/3/library/index.html,b94f5db36911ff8062ec104cd012d5da4c24f501e0fd0de7ff09c39749c478e8,homepage_link,40,,,
https://docs.python.org/3/license.html,1a17fc7d3e401dedbc028eb9e135d670597f62df57d895526919999329e358e1,homepage_link,40,,,
https://docs.python.org/3/py-modindex.html,7f389a1dd5c881eda307553f057a3c12bb359edfd4befab0994b02eb185ac33d,homepage_link,40,,,
https://docs.python.org/3/using/index.html,31e9e0477f1e2ed099ea294b4c24104b15e7731ac137fe91fd354476fd00ddf4,homepage_link,40,,,
https://docs.python.org/3/whatsnew/3.14.html,009bfe70f430076c645ba2acea34565234e7fcd4f199c3f795a7d7e4d2a86252,homepage_link,40,,,
https://docs.python.org/3/whatsnew/index.html,8d2b69a3db2c739cf7c2f3f999125ad0af184cd95dea9b17d58f0a1bd5b8b985,homepage_link,40,,,
